บริษัท แมงโก้ คอนซัลแตนท์ จำกัด (UATDEMO2018),,,,,,,,,,,,,,,,,,,
Summary Cost | Project : Mango 1,,,,,,,,,,,,,,,,,,,
Date : 25/07/2025 12:07:53,,,,,,,,,,,,,,,,,,,
G-Code,S-Code,Description,BOQ,Budget,Cost Saving,Purchase Cost,PR Pending,Budget Balance (PU),Actual Cost (A/C),Unbook,Actual Cost (ALL),Budget Balance (A/C),Purchase Balance,Forecast,To be Order,Variance Budget,Finance Cost,Finance Balance,To
,,,(1),(2),(1) - (2),(3),(3.1),(2) - (3) - (3.1),(4),(4.1),(4) + (4.1),(2)-(4)-(4.1),(5) = (3) - (4) - (4.1),(6),(7) = (6) - (3),(8) = (2) - (6),(9),(10) = (3) - (9),
000000,,งานโครงสร้างวิศวกรรม,"148,999,714.00","125,499,760.00","23,499,954.00","98,607,332.52","3,209,460.50","23,682,966.98","67,146,484.38","2,171,010.00","69,317,494.38","56,182,265.62","29,289,838.14","101,082,150.00","2,474,817.48","24,417,610.00","68,274,843.58","30,332,488.94",
100000,,งานสิ่งก่อสร้างประกอบอื่นๆ,"4,000,000.00","3,000,000.00","1,000,000.00","2,504,000.00",0.00,"496,000.00","63,277.08","5,000.00","68,277.08","2,931,722.92","2,435,722.92","3,000,000.00","496,000.00",0.00,"41,794.11","2,462,205.89",000000
110000,,งานชั่วคราวที่เกี่ยวกับการก่อสร้าง,"4,000,000.00","3,000,000.00","1,000,000.00","2,504,000.00",0.00,"496,000.00","63,277.08","5,000.00","68,277.08","2,931,722.92","2,435,722.92","3,000,000.00","496,000.00",0.00,"41,794.11","2,462,205.89",100000
110001,,"เครื่องมือสำรวจ, อุปกรณ์และวัสดุสิ้นเปลืองที่เกี่ยวข้องกับงานสำรวจ","4,000,000.00","3,000,000.00","1,000,000.00","2,504,000.00",0.00,"496,000.00","63,277.08","5,000.00","68,277.08","2,931,722.92","2,435,722.92","3,000,000.00","496,000.00",0.00,"41,794.11","2,462,205.89",110000
,110040,งานป้องกันดินพัง,"4,000,000.00","3,000,000.00","1,000,000.00","2,504,000.00",0.00,"496,000.00","63,277.08","5,000.00","68,277.08","2,931,722.92","2,435,722.92","3,000,000.00","496,000.00",0.00,"41,794.11","2,462,205.89",110001
120000,,งานโครงสร้าง,"9,556,057.00","8,141,870.00","1,414,187.00","4,011,780.00","15,375.00","4,114,715.00","3,194,810.00","299,250.00","3,494,060.00","4,647,810.00","517,720.00","8,141,870.00","4,130,090.00",0.00,"2,201,695.54","1,810,084.46",000000
121000,,งานดิน,"50,900,000.00","41,200,000.00","9,700,000.00","24,987,036.04","635,100.00","15,577,863.96","11,929,736.04","1,080,200.00","13,009,936.04","28,190,063.96","11,977,100.00","26,784,600.00","1,797,563.96","14,415,400.00","12,381,568.20","12,605,467.84",000000
,121010,เจาะสำรวจชั้นดิน,"267,960.00","243,600.00","24,360.00","20,000.00",0.00,"223,600.00","20,000.00",0.00,"20,000.00","223,600.00",0.00,"243,600.00","223,600.00",0.00,0.00,"20,000.00",121000
,121020,ขุดดินและถมกลับ,"33,187,440.00","26,770,400.00","6,417,040.00","12,410,558.00","600,000.00","13,759,842.00","11,311,358.00","1,080,200.00","12,391,558.00","14,378,842.00","19,000.00","13,100,000.00","689,442.00","13,670,400.00","11,767,651.43","642,906.57",121000
,121030,ขนย้ายดิน,"145,200.00","132,000.00","13,200.00","-14,600.00",0.00,"146,600.00","-14,600.00",0.00,"-14,600.00","146,600.00",0.00,"-13,000.00","1,600.00","145,000.00","-14,348.00",-252.00,121000
,121040,วัสดุรองก้น (ทรายหยาบ),"15,158,400.00","12,144,000.00","3,014,400.00","11,994,150.00","35,100.00","114,750.00","36,050.00",0.00,"36,050.00","12,107,950.00","11,958,100.00","12,144,000.00","149,850.00",0.00,"37,691.07","11,956,458.93",121000
,121060,กำจัดปลวก,"1,441,000.00","1,310,000.00","131,000.00","32,078.04",0.00,"1,277,921.96","32,078.04",0.00,"32,078.04","1,277,921.96",0.00,"1,310,000.00","1,277,921.96",0.00,"34,323.50","-2,245.46",121000
,121070,ทรายถมโครงสร้าง,"700,000.00","600,000.00","100,000.00","544,850.00",0.00,"55,150.00","544,850.00",0.00,"544,850.00","55,150.00",0.00,0.00,"-544,850.00","600,000.00","556,250.20","-11,400.20",121000
122000,,PILING WORK งานเสาเข็ม,"5,731,800.00","614,200.00","5,117,600.00","2,180,060.00",0.00,"-1,565,860.00","249,986.15","397,560.00","647,546.15","-33,346.15","1,532,513.85","3,167,310.00","987,250.00","-2,553,110.00","249,637.05","1,930,422.95",000000
,122010,เสาเข็มคอนกรีต,"51,000.00","39,000.00","12,000.00","2,018,800.00",0.00,"-1,979,800.00","105,036.15","397,500.00","502,536.15","-463,536.15","1,516,263.85","2,016,300.00","-2,500.00","-1,977,300.00","93,490.55","1,925,309.45",122000
,122020,เสาเข็มเจาะ,"5,000,000.00","40,000.00","4,960,000.00","81,010.00",0.00,"-41,010.00","81,010.00",0.00,"81,010.00","-41,010.00",0.00,"81,010.00",0.00,"-41,010.00","87,730.70","-6,720.70",122000
,122040,ตัดเข็มและขนย้ายเศษเสาเข็มออกจากSite,"580,800.00","528,000.00","52,800.00",350.00,0.00,"527,650.00",350.00,0.00,350.00,"527,650.00",0.00,"1,000,000.00","999,650.00","-472,000.00",374.50,-24.50,122000
,122050,ทดสอบเสาเข็ม,0.00,0.00,0.00,"15,050.00",0.00,"-15,050.00",0.00,0.00,0.00,0.00,"15,050.00",0.00,"-15,050.00",0.00,0.00,"15,050.00",122000
,122060,เสาเข็มไม้,"100,000.00","7,200.00","92,800.00","64,850.00",0.00,"-57,650.00","63,590.00",60.00,"63,650.00","-56,450.00","1,200.00","70,000.00","5,150.00","-62,800.00","68,041.30","-3,191.30",122000
123000,,งานคอนกรีต,"70,898,744.00","65,223,240.00","5,675,504.00","60,495,573.91","2,458,985.50","2,268,680.59","48,390,422.52","22,650.00","48,413,072.52","16,810,167.48","12,082,501.39","52,605,540.00","-7,890,033.91","12,617,700.00","50,149,391.46","10,346,182.45",000000
,123010,คอนกรีตหยาบ,"119,350.00","108,500.00","10,850.00","1,096,100.00",0.00,"-987,600.00","1,096,100.00",0.00,"1,096,100.00","-987,600.00",0.00,"1,100,000.00","3,900.00","-991,500.00","1,078,033.56","18,066.44",123000
,123020,คอนกรีตโครงสร้าง,0.00,"465,000.00","-465,000.00","2,008,100.00","74,900.00","-1,618,000.00","306,343.77","5,000.00","311,343.77","153,656.23","1,696,756.23","2,100,000.00","91,900.00","-1,635,000.00","340,130.46","1,667,969.54",123000
,123040,ปูนมอร์ต้า,0.00,"6,000.00","-6,000.00","4,020.00",158.00,"1,822.00","4,000.00",0.00,"4,000.00","2,000.00",20.00,"6,000.00","1,980.00",0.00,"4,210.83",-190.83,123000
,123050,คอนกรีตโครงสร้างเสาเข็ม,"8,999,140.00","7,817,400.00","1,181,740.00","7,348,336.09","324,210.00","144,853.91","3,820,735.84",0.00,"3,820,735.84","3,996,664.16","3,527,600.25","7,817,400.00","469,063.91",0.00,"3,515,276.21","3,833,059.88",123000
,123060,คอนกรีตโครงสร้างฐานราก,"8,726,000.00","7,660,000.00","1,066,000.00","4,034,760.00",0.00,"3,625,240.00","4,034,660.00",0.00,"4,034,660.00","3,625,340.00",100.00,"4,500,000.00","465,240.00","3,160,000.00","3,581,502.98","453,257.02",123000
,123080,คอนกรีตโครงสร้างคาน,"2,290,354.00","2,082,140.00","208,214.00","783,854.93","32,100.00","1,266,185.07","696,504.95","6,000.00","702,504.95","1,379,635.05","81,349.98","2,082,140.00","1,298,285.07",0.00,"743,997.70","39,857.23",123000
,123110,คอนกรีตโครงสร้างเสา,"50,763,900.00","47,084,200.00","3,679,700.00","44,123,927.93","2,027,617.50","932,654.57","38,432,077.96","11,650.00","38,443,727.96","8,640,472.04","5,680,199.97","35,000,000.00","-9,123,927.93","12,084,200.00","40,886,239.72","3,237,688.21",123000
,123120,คอนกรีตโครงสร้างผนังทั่วไป,0.00,0.00,0.00,"380,000.00",0.00,"-380,000.00",0.00,0.00,0.00,0.00,"380,000.00",0.00,"-380,000.00",0.00,0.00,"380,000.00",123000
,123140,คอนกรีตโครงสร้างผสมน้ำยากันซึม,0.00,0.00,0.00,"716,474.96",0.00,"-716,474.96",0.00,0.00,0.00,0.00,"716,474.96",0.00,"-716,474.96",0.00,0.00,"716,474.96",123000
124000,,งานไม้แบบ,0.00,"4,800.00","-4,800.00","34,373.23",0.00,"-29,573.23","24,173.23",0.00,"24,173.23","-19,373.23","10,200.00","30,000.00","-4,373.23","-25,200.00","25,834.69","8,538.54",000000
,124020,ไม้แบบเปลือยผิว,0.00,0.00,0.00,"10,200.00",0.00,"-10,200.00",0.00,0.00,0.00,0.00,"10,200.00",0.00,"-10,200.00",0.00,0.00,"10,200.00",124000
,124040,ตะปู,0.00,"4,800.00","-4,800.00","24,173.23",0.00,"-19,373.23","24,173.23",0.00,"24,173.23","-19,373.23",0.00,"30,000.00","5,826.77","-25,200.00","25,834.69","-1,661.46",124000
125000,,งานเหล็กเสริม,"3,881,613.00","3,650,650.00","230,963.00","3,213,209.34",0.00,"437,440.66","2,879,129.36",0.00,"2,879,129.36","771,520.64","334,079.98","3,687,830.00","474,620.66","-37,180.00","2,780,926.02","432,283.32",000000
,125010,เหล็กเส้นทั่วไป,0.00,"52,820.00","-52,820.00","90,280.00",0.00,"-37,460.00","10,200.00",0.00,"10,200.00","42,620.00","80,080.00","90,000.00",-280.00,"-37,180.00","14,514.84","75,765.16",125000
,125030,ลวดผูกเหล็ก,0.00,0.00,0.00,"7,000.00",0.00,"-7,000.00",0.00,0.00,0.00,0.00,"7,000.00",0.00,"-7,000.00",0.00,0.00,"7,000.00",125000
,125070,เหล็กเส้นงานคาน,"3,881,613.00","3,597,830.00","283,783.00","3,115,929.34",0.00,"481,900.66","2,868,929.36",0.00,"2,868,929.36","728,900.64","246,999.98","3,597,830.00","481,900.66",0.00,"2,766,411.19","349,518.15",125000
126000,,งานเหล็กรูปพรรณ,"9,556,057.00","8,141,870.00","1,414,187.00","4,011,780.00","15,375.00","4,114,715.00","3,194,810.00","299,250.00","3,494,060.00","4,647,810.00","517,720.00","8,141,870.00","4,130,090.00",0.00,"2,201,695.54","1,810,084.46",120000
,126010,เหล็กรูปพรรณ,"5,503,382.00","4,457,620.00","1,045,762.00","2,634,930.00","5,250.00","1,817,440.00","2,280,210.00","288,000.00","2,568,210.00","1,889,410.00","66,720.00","4,457,620.00","1,822,690.00",0.00,"1,977,423.54","657,506.46",126000
,126020,"อุปกรณ์ปลี่กย่อย เช่น ลวดเชื่อม, สีกันสนิม","4,052,675.00","3,684,250.00","368,425.00","1,376,850.00","10,125.00","2,297,275.00","914,600.00","11,250.00","925,850.00","2,758,400.00","451,000.00","3,684,250.00","2,307,400.00",0.00,"224,272.00","1,152,578.00",126000
127000,,งานคอนกรีตสำเร็จรูป,0.00,0.00,0.00,0.00,0.00,0.00,0.00,0.00,0.00,0.00,0.00,0.00,0.00,0.00,0.00,0.00,000000
,127010,พื้นสำเร็จรูป Hollow Core,0.00,0.00,0.00,0.00,0.00,0.00,0.00,0.00,0.00,0.00,0.00,0.00,0.00,0.00,0.00,0.00,127000
128000,,พื้นสำเร็จรูป,"4,031,500.00","3,665,000.00","366,500.00","1,181,300.00","100,000.00","2,383,700.00","414,950.00","366,350.00","781,300.00","2,883,700.00","400,000.00","3,665,000.00","2,483,700.00",0.00,"443,996.50","737,303.50",000000
,128010,พื้น/วัสดุ Post Tension System แบบพิเศษ,"4,031,500.00","3,665,000.00","366,500.00","1,181,300.00","100,000.00","2,383,700.00","414,950.00","366,350.00","781,300.00","2,883,700.00","400,000.00","3,665,000.00","2,483,700.00",0.00,"443,996.50","737,303.50",128000
200000,,งานสถาปัตยกรรม,"40,099,062.00","40,142,320.00","-43,258.00","32,571,862.62","1,251,800.00","6,318,657.38","11,602,400.15","919,904.28","12,522,304.43","27,620,015.57","20,049,558.19","22,168,200.00","-10,403,662.62","17,974,120.00","10,212,102.56","22,359,760.06",
201000,,งานปูน,"4,850,090.00","5,104,600.00","-254,510.00","1,440,750.00","52,430.00","3,611,420.00","688,222.00","51,800.00","740,022.00","4,364,578.00","700,728.00","5,104,600.00","3,663,850.00",0.00,"694,623.67","746,126.33",200000
,201010,ก่ออิฐมอญ,"3,852,200.00","4,202,000.00","-349,800.00","1,431,650.00","52,430.00","2,717,920.00","681,822.00","51,800.00","733,622.00","3,468,378.00","698,028.00","4,202,000.00","2,770,350.00",0.00,"687,775.67","743,874.33",201000
,201020,"ทับหลัง , เสาเอ็น","978,890.00","889,900.00","88,990.00","6,400.00",0.00,"883,500.00","6,400.00",0.00,"6,400.00","883,500.00",0.00,"889,900.00","883,500.00",0.00,"6,848.00",-448.00,201000
,201050,งานก่อ-ฉาบ,"19,000.00","12,700.00","6,300.00","2,700.00",0.00,"10,000.00",0.00,0.00,0.00,"12,700.00","2,700.00","12,700.00","10,000.00",0.00,0.00,"2,700.00",201000
203000,,ฉาบปูน,"3,784,000.00","3,440,000.00","344,000.00","39,154.97",0.00,"3,400,845.03",225.00,"14,133.28","14,358.28","3,425,641.72","24,796.69","3,440,000.00","3,400,845.03",0.00,0.00,"39,154.97",200000
,203010,ฉาบปูนซีเมนต์บนอิฐมอญ อิญมวลเบา อิฐบล็อค,"2,637,360.00","2,397,600.00","239,760.00","10,893.46",0.00,"2,386,706.54",0.00,"9,000.00","9,000.00","2,388,600.00","1,893.46","2,397,600.00","2,386,706.54",0.00,0.00,"10,893.46",203000
,203020,ฉาบ One Coat,"1,056,000.00","960,000.00","96,000.00",0.00,0.00,"960,000.00",0.00,0.00,0.00,"960,000.00",0.00,"960,000.00","960,000.00",0.00,0.00,0.00,203000
,203030,ฉาบ Skim Coat,"90,640.00","82,400.00","8,240.00","28,261.51",0.00,"54,138.49",225.00,"5,133.28","5,358.28","77,041.72","22,903.23","82,400.00","54,138.49",0.00,0.00,"28,261.51",203000
204000,,งานตบแต่งผนัง,"14,612,400.00","13,284,000.00","1,328,400.00","11,015,162.00","381,620.00","1,887,218.00","7,710,502.00","503,230.00","8,213,732.00","5,070,268.00","2,801,430.00","5,020,000.00","-5,995,162.00","8,264,000.00","8,109,821.24","2,905,340.76",200000
,204010,"ผนัง Precast , คลีบ , ฟิน Precast",0.00,0.00,0.00,"749,412.00",0.00,"-749,412.00","749,412.00",0.00,"749,412.00","-749,412.00",0.00,0.00,"-749,412.00",0.00,"801,870.84","-52,458.84",204000
,204050,ค่าอาหาร,"528,000.00","480,000.00","48,000.00",0.00,"50,000.00","430,000.00",0.00,0.00,0.00,"480,000.00",0.00,"480,000.00","480,000.00",0.00,0.00,0.00,204000
,204070,งานตบแต่งผิวผนัง,"12,764,400.00","11,604,000.00","1,160,400.00","10,209,960.00","331,620.00","1,062,420.00","6,905,300.00","503,230.00","7,408,530.00","4,195,470.00","2,801,430.00","4,500,000.00","-5,709,960.00","7,104,000.00","7,248,393.03","2,961,566.97",204000
,204080,ผิวกระเบื้องผนังห้องน้ำห้องพัก,"1,320,000.00","1,200,000.00","120,000.00","37,900.00",0.00,"1,162,100.00","37,900.00",0.00,"37,900.00","1,162,100.00",0.00,"40,000.00","2,100.00","1,160,000.00","40,415.07","-2,515.07",204000
205000,,งานทำผิวพื้น,"2,432,210.00","2,582,300.00","-150,090.00","14,050,140.00",0.00,"-11,467,840.00","440,140.00","170,000.00","610,140.00","1,972,160.00","13,440,000.00","2,538,400.00","-11,511,740.00","43,900.00","470,949.80","13,579,190.20",200000
,205020,ผิวพื้นกระเบื้องทั่วไป,"2,970.00","2,700.00",270.00,"320,140.00",0.00,"-317,440.00","320,140.00",0.00,"320,140.00","-317,440.00",0.00,"330,000.00","9,860.00","-327,300.00","342,549.80","-22,409.80",205000
,205030,ผิวพื้น Floor Hardener,"655,160.00","966,800.00","-311,640.00",0.00,0.00,"966,800.00",0.00,0.00,0.00,"966,800.00",0.00,"595,600.00","595,600.00","371,200.00",0.00,0.00,205000
,205090,ผิวพื้นขัดเรียบ,"190,080.00","172,800.00","17,280.00",0.00,0.00,"172,800.00",0.00,0.00,0.00,"172,800.00",0.00,"172,800.00","172,800.00",0.00,0.00,0.00,205000
,205130,ผิวกระเบื้องพื้นห้องน้ำ,"1,584,000.00","1,440,000.00","144,000.00","13,730,000.00",0.00,"-12,290,000.00","120,000.00","170,000.00","290,000.00","1,150,000.00","13,440,000.00","1,440,000.00","-12,290,000.00",0.00,"128,400.00","13,601,600.00",205000
206000,,งานตบแต่งไม้,0.00,"240,000.00","-240,000.00","15,800.00",0.00,"224,200.00","5,800.00","2,000.00","7,800.00","232,200.00","8,000.00","240,000.00","224,200.00",0.00,"6,206.00","9,594.00",200000
,206010,งานตบแต่งไม้,0.00,"240,000.00","-240,000.00","5,800.00",0.00,"234,200.00","5,800.00",0.00,"5,800.00","234,200.00",0.00,"240,000.00","234,200.00",0.00,"6,206.00",-406.00,206000
208000,,งานหลังคา,"1,715,890.00","1,541,900.00","173,990.00","128,305.00",0.00,"1,413,595.00","106,405.00",900.00,"107,305.00","1,434,595.00","21,000.00","200,000.00","71,695.00","1,341,900.00","94,978.27","33,326.73",200000
,208010,แผ่นหลังคา รวมถึงหลังคากระเบื้อง หลังคาแหล็ก,"1,715,890.00","1,541,900.00","173,990.00","128,305.00",0.00,"1,413,595.00","106,405.00",900.00,"107,305.00","1,434,595.00","21,000.00","200,000.00","71,695.00","1,341,900.00","94,978.27","33,326.73",208000
210000,,ประตูและหน้าต่าง,"567,380.00","515,800.00","51,580.00","248,400.00",0.00,"267,400.00",0.00,0.00,0.00,"515,800.00","248,400.00","515,800.00","267,400.00",0.00,0.00,"248,400.00",200000
,210010,ประตูและวงกบ รวมถึงวัสดุอุปกรณ์ที่เกี่ยวข้อง,"567,380.00","515,800.00","51,580.00","248,400.00",0.00,"267,400.00",0.00,0.00,0.00,"515,800.00","248,400.00","515,800.00","267,400.00",0.00,0.00,"248,400.00",210000
220000,,ประตูและหน้าต่างเหล็ก,"127,600.00","116,000.00","11,600.00","73,000.00",0.00,"43,000.00","73,000.00",0.00,"73,000.00","43,000.00",0.00,"116,000.00","43,000.00",0.00,"3,210.00","69,790.00",200000
,220010,ประตูและหน้าต่างเหล็กม้วน รวมถึงวัสดุอุปกรณ์ที่เกี่ยวข้อง,"83,600.00","76,000.00","7,600.00","2,000.00",0.00,"74,000.00","2,000.00",0.00,"2,000.00","74,000.00",0.00,"76,000.00","74,000.00",0.00,"2,140.00",-140.00,220000
,220030,ประตูและหน้าต่างอลูมิเนียม รวมถึงวัสดุอุปกรณ์ที่เกี่ยวข้อง,"44,000.00","40,000.00","4,000.00","70,000.00",0.00,"-30,000.00","70,000.00",0.00,"70,000.00","-30,000.00",0.00,"40,000.00","-30,000.00",0.00,0.00,"70,000.00",220000
240000,,งานทาสี,"4,839,230.00","6,799,300.00","-1,960,070.00","3,151,224.58","793,750.00","2,854,325.42","775,220.00","72,100.00","847,320.00","5,951,980.00","2,303,904.58","1,356,300.00","-1,794,924.58","5,443,000.00","343,410.58","2,807,814.00",200000
,240010,สีน้ำทั่วไป,"4,682,700.00","6,657,000.00","-1,974,300.00","3,115,000.00","792,000.00","2,750,000.00","745,930.00","72,100.00","818,030.00","5,838,970.00","2,296,970.00","1,200,000.00","-1,915,000.00","5,457,000.00","312,609.61","2,802,390.39",240000
,240060,สีน้ำอะคริลิก,"28,600.00","26,000.00","2,600.00","36,224.58","1,750.00","-11,974.58","29,290.00",0.00,"29,290.00","-3,290.00","6,934.58","40,000.00","3,775.42","-14,000.00","30,800.97","5,423.61",240000
,240070,สีทนไฟ,"127,930.00","116,300.00","11,630.00",0.00,0.00,"116,300.00",0.00,0.00,0.00,"116,300.00",0.00,"116,300.00","116,300.00",0.00,0.00,0.00,240000
250000,,งานฝ้าเพดาน,"607,750.00","552,500.00","55,250.00","840,112.15","24,000.00","-311,612.15","509,500.00","103,000.00","612,500.00","-60,000.00","227,612.15","552,500.00","-287,612.15",0.00,"69,136.50","770,975.65",200000
,250010,ฝ้ายิปซั่ม,"594,000.00","540,000.00","54,000.00","640,112.15","24,000.00","-124,112.15","509,500.00","23,000.00","532,500.00","7,500.00","107,612.15","540,000.00","-100,112.15",0.00,"69,136.50","570,975.65",250000
,250030,ฝ้ายิบซั่มกันชื้น,"13,750.00","12,500.00","1,250.00",0.00,0.00,"12,500.00",0.00,0.00,0.00,"12,500.00",0.00,"12,500.00","12,500.00",0.00,0.00,0.00,250000
260000,,งานบันได,"3,202,452.00","2,911,320.00","291,132.00","892,856.07",0.00,"2,018,463.93","883,250.00",1.00,"883,251.00","2,028,069.00","9,605.07","30,000.00","-862,856.07","2,881,320.00","27,820.00","865,036.07",200000
,260010,งานบันได,"3,202,452.00","2,911,320.00","291,132.00","892,856.07",0.00,"2,018,463.93","883,250.00",1.00,"883,251.00","2,028,069.00","9,605.07","30,000.00","-862,856.07","2,881,320.00","27,820.00","865,036.07",260000
270000,,งานสถาปัตย์อื่นๆ,"3,360,060.00","3,054,600.00","305,460.00","676,957.85",0.00,"2,377,642.15","410,136.15","2,740.00","412,876.15","2,641,723.85","264,081.70","3,054,600.00","2,377,642.15",0.00,"391,946.51","285,011.34",200000
,270060,งานสุขภัณฑ์,"694,320.00","631,200.00","63,120.00","631,375.70",0.00,-175.70,"380,554.00","2,740.00","383,294.00","247,906.00","248,081.70","631,200.00",-175.70,0.00,"378,112.36","253,263.34",270000
,270080,เทปูนปิดรอยต่อ,"36,960.00","33,600.00","3,360.00",0.00,0.00,"33,600.00",0.00,0.00,0.00,"33,600.00",0.00,"33,600.00","33,600.00",0.00,0.00,0.00,270000
,270090,ขอบกั้นทั่วไป,"2,612,280.00","2,374,800.00","237,480.00","32,000.00",0.00,"2,342,800.00","16,000.00",0.00,"16,000.00","2,358,800.00","16,000.00","2,374,800.00","2,342,800.00",0.00,0.00,"32,000.00",270000
,270100,งานอื่นๆ,"16,500.00","15,000.00","1,500.00","13,582.15",0.00,"1,417.85","13,582.15",0.00,"13,582.15","1,417.85",0.00,"15,000.00","1,417.85",0.00,"13,834.15",-252.00,270000
300000,,งานระบบประกอบอาคาร,0.00,"636,000.00","-636,000.00","5,409,059.96","32,100.00","-4,805,159.96","5,397,893.60","1,000.00","5,398,893.60","-4,762,893.60","10,166.36","666,000.00","-4,743,059.96","-30,000.00","5,696,955.15","-287,895.19",
310000,,งานระบบไฟฟ้าและสื่อสาร,0.00,"636,000.00","-636,000.00","1,046,376.36","32,100.00","-442,476.36","1,037,610.00","1,000.00","1,038,610.00","-402,610.00","7,766.36","666,000.00","-380,376.36","-30,000.00","1,031,451.70","14,924.66",300000
310010,,หม้อแปลงไฟฟ้า,0.00,"40,000.00","-40,000.00","60,500.00",0.00,"-20,500.00","53,000.00",0.00,"53,000.00","-13,000.00","7,500.00","70,000.00","9,500.00","-30,000.00","57,025.00","3,475.00",310000
,310011,หม้อแปลงไฟฟ้า -วัสดุหม้อแปลงไฟฟ้า,0.00,"40,000.00","-40,000.00","60,500.00",0.00,"-20,500.00","53,000.00",0.00,"53,000.00","-13,000.00","7,500.00","70,000.00","9,500.00","-30,000.00","57,025.00","3,475.00",310010
310030,,แผงเมนไฟฟ้า,0.00,"596,000.00","-596,000.00","545,876.36","32,100.00","18,023.64","544,610.00","1,000.00","545,610.00","50,390.00",266.36,"596,000.00","50,123.64",0.00,"534,426.70","11,449.66",310000
,310031,แผงเมนไฟฟ้า-วัสดุแผงเมนไฟฟ้า,0.00,"96,000.00","-96,000.00","86,676.36",0.00,"9,323.64","86,410.00",0.00,"86,410.00","9,590.00",266.36,"96,000.00","9,323.64",0.00,"75,562.55","11,113.81",310030
,310032,แผงเมนไฟฟ้า-อุปกรณ์,0.00,"500,000.00","-500,000.00","459,200.00","32,100.00","8,700.00","458,200.00","1,000.00","459,200.00","40,800.00",0.00,"500,000.00","40,800.00",0.00,"458,864.15",335.85,310030
310060,,"ท่อ,รางเดินสายไฟฟ้า",0.00,0.00,0.00,"440,000.00",0.00,"-440,000.00","440,000.00",0.00,"440,000.00","-440,000.00",0.00,0.00,"-440,000.00",0.00,"440,000.00",0.00,310000
,310061,"ท่อ,รางเดินสายไฟฟ้า-วัสดุท่อ,รางเดินสายไฟฟ้า",0.00,0.00,0.00,"440,000.00",0.00,"-440,000.00","440,000.00",0.00,"440,000.00","-440,000.00",0.00,0.00,"-440,000.00",0.00,"440,000.00",0.00,310060
320000,,SANITARY SYSTEM,0.00,0.00,0.00,"4,362,683.60",0.00,"-4,362,683.60","4,360,283.60",0.00,"4,360,283.60","-4,360,283.60","2,400.00",0.00,"-4,362,683.60",0.00,"4,665,503.45","-302,819.85",300000
320020,,ติดตั้งสุขภัณฑ์,0.00,0.00,0.00,"4,360,283.60",0.00,"-4,360,283.60","4,360,283.60",0.00,"4,360,283.60","-4,360,283.60",0.00,0.00,"-4,360,283.60",0.00,"4,665,503.45","-305,219.85",320000
,320022,ติดตั้งสุขภัณฑ์-อุปกรณ์,0.00,0.00,0.00,"4,360,283.60",0.00,"-4,360,283.60","4,360,283.60",0.00,"4,360,283.60","-4,360,283.60",0.00,0.00,"-4,360,283.60",0.00,"4,665,503.45","-305,219.85",320020
320070,,ระบบสุขาภิบาล,0.00,0.00,0.00,"2,400.00",0.00,"-2,400.00",0.00,0.00,0.00,0.00,"2,400.00",0.00,"-2,400.00",0.00,0.00,"2,400.00",320000
,320072,ระบบสุขาภิบาล-อุปกรณ์,0.00,0.00,0.00,"2,400.00",0.00,"-2,400.00",0.00,0.00,0.00,0.00,"2,400.00",0.00,"-2,400.00",0.00,0.00,"2,400.00",320070
400000,,งานภายนอก,"24,735,590.00","22,486,900.00","2,248,690.00",0.00,0.00,"22,486,900.00",0.00,0.00,0.00,"22,486,900.00",0.00,"10,000,000.00","10,000,000.00","12,486,900.00",0.00,0.00,
401000,,งานภายนอก - 01,"24,735,590.00","22,486,900.00","2,248,690.00",0.00,0.00,"22,486,900.00",0.00,0.00,0.00,"22,486,900.00",0.00,"10,000,000.00","10,000,000.00","12,486,900.00",0.00,0.00,400000
,401020,งานถนนและทางเท้า,"24,735,590.00","22,486,900.00","2,248,690.00",0.00,0.00,"22,486,900.00",0.00,0.00,0.00,"22,486,900.00",0.00,"10,000,000.00","10,000,000.00","12,486,900.00",0.00,0.00,401000
5F2000,,ระบบป้องกันอัคคีภัย,0.00,0.00,0.00,"37,500.00",0.00,"-37,500.00",0.00,0.00,0.00,0.00,"37,500.00",0.00,"-37,500.00",0.00,0.00,"37,500.00",
,5F2004,ตู้ดับเพลิงและถังดับเพลิงชนิดมือถือ (Fire Hose Cabinet & Portable Fir,0.00,0.00,0.00,"37,500.00",0.00,"-37,500.00",0.00,0.00,0.00,0.00,"37,500.00",0.00,"-37,500.00",0.00,0.00,"37,500.00",5F2000
800000,,Laser System,0.00,0.00,0.00,"12,633,169.04",0.00,"-12,633,169.04","12,633,169.04",0.00,"12,633,169.04","-12,633,169.04",0.00,0.00,"-12,633,169.04",0.00,"12,633,169.04",0.00,
,800010,Equipment for Rent,0.00,0.00,0.00,"12,633,169.04",0.00,"-12,633,169.04","12,633,169.04",0.00,"12,633,169.04","-12,633,169.04",0.00,0.00,"-12,633,169.04",0.00,"12,633,169.04",0.00,800000
A20000,,งานดินและชั้นคันทาง,0.00,0.00,0.00,"130,481.00",0.00,"-130,481.00","130,481.00",0.00,"130,481.00","-130,481.00",0.00,0.00,"-130,481.00",0.00,"139,614.67","-9,133.67",
A20200,,งานขุดหรือตัดคันทาง,0.00,0.00,0.00,"130,481.00",0.00,"-130,481.00","130,481.00",0.00,"130,481.00","-130,481.00",0.00,0.00,"-130,481.00",0.00,"139,614.67","-9,133.67",A20000
,A20260,งานรื้อท่อ  คสล. เดิม,0.00,0.00,0.00,"130,481.00",0.00,"-130,481.00","130,481.00",0.00,"130,481.00","-130,481.00",0.00,0.00,"-130,481.00",0.00,"139,614.67","-9,133.67",A20200
A60000,,งานเบ็ดเตล็ด,0.00,0.00,0.00,"6,140,201.00",0.00,"-6,140,201.00","6,140,201.00",0.00,"6,140,201.00","-6,140,201.00",0.00,0.00,"-6,140,201.00",0.00,"6,570,015.07","-429,814.07",
A60200,,งานท่อระบายน้ำคอนกรีตเสริมเหล็ก,0.00,0.00,0.00,"6,140,201.00",0.00,"-6,140,201.00","6,140,201.00",0.00,"6,140,201.00","-6,140,201.00",0.00,0.00,"-6,140,201.00",0.00,"6,570,015.07","-429,814.07",A60000
,A60210,ท่อกลม คสล. (แบบ Ordinay),0.00,0.00,0.00,"6,140,201.00",0.00,"-6,140,201.00","6,140,201.00",0.00,"6,140,201.00","-6,140,201.00",0.00,0.00,"-6,140,201.00",0.00,"6,570,015.07","-429,814.07",A60200
I00000,,RAW WATER RESERVOIR (T-14501),0.00,0.00,0.00,"5,000.00",0.00,"-5,000.00","5,000.00",0.00,"5,000.00","-5,000.00",0.00,0.00,"-5,000.00",0.00,"5,195.00",-195.00,
I01000,,EXCAVATION,0.00,0.00,0.00,"1,000.00",0.00,"-1,000.00","1,000.00",0.00,"1,000.00","-1,000.00",0.00,0.00,"-1,000.00",0.00,"1,055.00",-55.00,I00000
I01010,,EXCAVATION AND DISPOSAL,0.00,0.00,0.00,"1,000.00",0.00,"-1,000.00","1,000.00",0.00,"1,000.00","-1,000.00",0.00,0.00,"-1,000.00",0.00,"1,055.00",-55.00,I01000
,I01013,โกยขึ้นกอง,0.00,0.00,0.00,"1,000.00",0.00,"-1,000.00","1,000.00",0.00,"1,000.00","-1,000.00",0.00,0.00,"-1,000.00",0.00,"1,055.00",-55.00,I01010
I02000,,SOIL COMPACTED FOR EMBANKMENT,0.00,0.00,0.00,"4,000.00",0.00,"-4,000.00","4,000.00",0.00,"4,000.00","-4,000.00",0.00,0.00,"-4,000.00",0.00,"4,140.00",-140.00,I00000
I02100,,BUND BASE EL.105.50 TO 106.00,0.00,0.00,0.00,"2,000.00",0.00,"-2,000.00","2,000.00",0.00,"2,000.00","-2,000.00",0.00,0.00,"-2,000.00",0.00,"2,000.00",0.00,I02000
I02120,,INSTALL GEOCOMSIT & BACKFILL,0.00,0.00,0.00,"2,000.00",0.00,"-2,000.00","2,000.00",0.00,"2,000.00","-2,000.00",0.00,0.00,"-2,000.00",0.00,"2,000.00",0.00,I02100
,I02123,ติดตั้ง GEO-COM,0.00,0.00,0.00,"2,000.00",0.00,"-2,000.00","2,000.00",0.00,"2,000.00","-2,000.00",0.00,0.00,"-2,000.00",0.00,"2,000.00",0.00,I02120
I02200,,36 inch HDPE TRUSH BOX,0.00,0.00,0.00,"2,000.00",0.00,"-2,000.00","2,000.00",0.00,"2,000.00","-2,000.00",0.00,0.00,"-2,000.00",0.00,"2,140.00",-140.00,I02000
I02230,,FORMWORKS,0.00,0.00,0.00,"2,000.00",0.00,"-2,000.00","2,000.00",0.00,"2,000.00","-2,000.00",0.00,0.00,"-2,000.00",0.00,"2,140.00",-140.00,I02200
0000000,,Revenue Service ,0.00,0.00,0.00,"78,143.43",0.00,"-78,143.43","72,342.43",0.00,"72,342.43","-72,342.43","5,801.00","7,000.00","-71,143.43","-7,000.00","75,754.78","2,388.65",
1000000,,ต้นทุนวัสดุ ,0.00,0.00,0.00,"1,921,972.00","4,000.00","-1,925,972.00","10,100.00","5,000.00","15,100.00","-15,100.00","1,906,872.00",0.00,"-1,921,972.00",0.00,100.00,"1,921,872.00",
,1020020,งานหินคลุกบดอัดแน่น,0.00,0.00,0.00,"1,800,000.00",0.00,"-1,800,000.00",0.00,0.00,0.00,0.00,"1,800,000.00",0.00,"-1,800,000.00",0.00,0.00,"1,800,000.00",1000000
,1030030,งานตัดเกรดชั้น หินคลุก,0.00,0.00,0.00,1.00,0.00,-1.00,0.00,0.00,0.00,0.00,1.00,0.00,-1.00,0.00,0.00,1.00,1000000
,1040040,งานไพรม์โค้ท,0.00,0.00,0.00,"58,970.00",0.00,"-58,970.00",100.00,0.00,100.00,-100.00,"58,870.00",0.00,"-58,970.00",0.00,100.00,"58,870.00",1000000
,1050050,งานผิวจราจร   AC ปูบน PrimeCoat หนา 5 ซม.,0.00,0.00,0.00,"50,001.00",0.00,"-50,001.00","10,000.00","5,000.00","15,000.00","-15,000.00","35,001.00",0.00,"-50,001.00",0.00,0.00,"50,001.00",1000000
,1060060,งานตีเส้นจราจร,0.00,0.00,0.00,0.00,0.00,0.00,0.00,0.00,0.00,0.00,0.00,0.00,0.00,0.00,0.00,0.00,1000000
1130000,,Concrete,0.00,0.00,0.00,"1,560.00",0.00,"-1,560.00",0.00,0.00,0.00,0.00,"1,560.00",0.00,"-1,560.00",0.00,0.00,"1,560.00",
1132000,,Architectural works ,0.00,0.00,0.00,"1,560.00",0.00,"-1,560.00",0.00,0.00,0.00,0.00,"1,560.00",0.00,"-1,560.00",0.00,0.00,"1,560.00",1130000
2000000,,ต้นทุนเครื่องจักร,0.00,0.00,0.00,"112,010.77",0.00,"-112,010.77","112,010.77",0.00,"112,010.77","-112,010.77",0.00,0.00,"-112,010.77",0.00,"112,010.77",0.00,
,2080080,งานเครื่องจักร,0.00,0.00,0.00,"112,010.77",0.00,"-112,010.77","112,010.77",0.00,"112,010.77","-112,010.77",0.00,0.00,"-112,010.77",0.00,"112,010.77",0.00,2000000
3001000,,ต้นทุนในการบริหารดำเนินงาน  ( Management Fee )  ,0.00,0.00,0.00,0.00,0.00,0.00,0.00,0.00,0.00,0.00,0.00,0.00,0.00,0.00,0.00,0.00,
3001030,,ต้นทุนบริหารโครงการ,0.00,0.00,0.00,0.00,0.00,0.00,0.00,0.00,0.00,0.00,0.00,0.00,0.00,0.00,0.00,0.00,3001000
,3001040,ค่าวัสดุสิ้นเปลือง,0.00,0.00,0.00,0.00,0.00,0.00,0.00,0.00,0.00,0.00,0.00,0.00,0.00,0.00,0.00,0.00,3001030
4EXP000,,Expenses,0.00,0.00,0.00,"78,143.43",0.00,"-78,143.43","72,342.43",0.00,"72,342.43","-72,342.43","5,801.00","7,000.00","-71,143.43","-7,000.00","75,754.78","2,388.65",0000000
6130000,, Labour ,0.00,0.00,0.00,"1,196,261.76",0.00,"-1,196,261.76",0.00,"957,009.28","957,009.28","-957,009.28","239,252.48",0.00,"-1,196,261.76",0.00,0.00,"1,196,261.76",
6132000,,Architectural works ,0.00,0.00,0.00,"1,196,261.76",0.00,"-1,196,261.76",0.00,"957,009.28","957,009.28","-957,009.28","239,252.48",0.00,"-1,196,261.76",0.00,0.00,"1,196,261.76",6130000
6139000,,Sanitary ware,0.00,0.00,0.00,"1,196,261.76",0.00,"-1,196,261.76",0.00,"957,009.28","957,009.28","-957,009.28","239,252.48",0.00,"-1,196,261.76",0.00,0.00,"1,196,261.76",6132000
7000000,,งานก่อสร้าง Construction Works,0.00,0.00,0.00,"123,000.00",155.00,"-123,155.00",0.00,0.00,0.00,0.00,"123,000.00",0.00,"-123,000.00",0.00,0.00,"123,000.00",
7100000,,งานถนน Roadworks,0.00,0.00,0.00,"123,000.00",155.00,"-123,155.00",0.00,0.00,0.00,0.00,"123,000.00",0.00,"-123,000.00",0.00,0.00,"123,000.00",7000000
7103000,,งานปรับปรุงคุณภาพชั้นดินเดิม Foundation Improvement,0.00,0.00,0.00,"121,000.00",0.00,"-121,000.00",0.00,0.00,0.00,0.00,"121,000.00",0.00,"-121,000.00",0.00,0.00,"121,000.00",7100000
,7103003,งาน RC Platform,0.00,0.00,0.00,"121,000.00",0.00,"-121,000.00",0.00,0.00,0.00,0.00,"121,000.00",0.00,"-121,000.00",0.00,0.00,"121,000.00",7103000
7105000,,งานชั้นรองพื้นทาง Subbase Course,0.00,0.00,0.00,"2,000.00",155.00,"-2,155.00",0.00,0.00,0.00,0.00,"2,000.00",0.00,"-2,000.00",0.00,0.00,"2,000.00",7100000
,7105002,งานลูกรัง Soil Aggregate,0.00,0.00,0.00,"2,000.00",155.00,"-2,155.00",0.00,0.00,0.00,0.00,"2,000.00",0.00,"-2,000.00",0.00,0.00,"2,000.00",7105000
8000000,,งานก่อสร้าง Construction Works,0.00,0.00,0.00,"200,000.00",0.00,"-200,000.00",0.00,0.00,0.00,0.00,"200,000.00",0.00,"-200,000.00",0.00,0.00,"200,000.00",
8100000,,งานถนน Roadworks,0.00,0.00,0.00,"200,000.00",0.00,"-200,000.00",0.00,0.00,0.00,0.00,"200,000.00",0.00,"-200,000.00",0.00,0.00,"200,000.00",8000000
G000000,,IN-DIRECT COST,"44,387,600.00","41,816,000.00","2,571,600.00","45,221,157.03","290,850.00","-3,696,007.03","44,687,026.02","418,361.00","45,105,387.02","-3,289,387.02","115,770.01","41,002,000.00","-4,219,157.03","814,000.00","44,516,496.88","704,660.15",
G100000,,IN-DIRECT COST,"33,042,000.00","32,420,000.00","622,000.00","31,967,258.18","165,850.00","286,891.82","31,816,398.17","76,300.00","31,892,698.17","527,301.83","74,560.01","31,606,000.00","-361,258.18","814,000.00","31,660,844.65","306,413.53",G000000
G101000,,งานสำนักงานสนามและสโตร์ชั่วคราว,"4,136,000.00","3,760,000.00","376,000.00","1,079,010.11","133,750.00","2,547,239.89","1,006,030.10","73,000.00","1,079,030.10","2,680,969.90",-19.99,"3,760,000.00","2,680,989.89",0.00,"869,426.40","209,583.71",G100000
,G101101,สนง.สนาม ซื้อตู้คอนเทนเนอร์,0.00,0.00,0.00,"1,000.00",0.00,"-1,000.00",0.00,"1,000.00","1,000.00","-1,000.00",0.00,0.00,"-1,000.00",0.00,0.00,"1,000.00",G101000
,G101102,สนง.สนาม ค่าเช่าตู้คอนเทนเนอร์/เช่าบ้าน,0.00,0.00,0.00,"10,000.00",0.00,"-10,000.00","10,000.00",0.00,"10,000.00","-10,000.00",0.00,0.00,"-10,000.00",0.00,0.00,"10,000.00",G101000
G101150,,ค่าก่อสร้างสโตร์และโรงเรือนชั่วคราว,"2,200,000.00","2,000,000.00","200,000.00","446,566.62",0.00,"1,553,433.38","424,566.62","22,000.00","446,566.62","1,553,433.38",0.00,"2,000,000.00","1,553,433.38",0.00,"358,889.06","87,677.56",G101000
,G101151,ค่าก่อสร้างสโตร์และโรงเรือนชั่วคราว,"2,200,000.00","2,000,000.00","200,000.00","446,566.62",0.00,"1,553,433.38","424,566.62","22,000.00","446,566.62","1,553,433.38",0.00,"2,000,000.00","1,553,433.38",0.00,"358,889.06","87,677.56",G101150
G101200,,ค่าก่อสร้างห้องน้ำชั่วคราว,0.00,0.00,0.00,"5,000.00",0.00,"-5,000.00","5,000.00",0.00,"5,000.00","-5,000.00",0.00,0.00,"-5,000.00",0.00,0.00,"5,000.00",G101000
,G101203,ค่าเช่าตู้สโตร์ห้องน้ำชั่วคราว,0.00,0.00,0.00,"5,000.00",0.00,"-5,000.00","5,000.00",0.00,"5,000.00","-5,000.00",0.00,0.00,"-5,000.00",0.00,0.00,"5,000.00",G101200
G101250,,ค่าก่อสร้างป้อมยาม,"176,000.00","160,000.00","16,000.00","50,450.00",0.00,"109,550.00",450.00,"50,000.00","50,450.00","109,550.00",0.00,"160,000.00","109,550.00",0.00,450.00,"50,000.00",G101000
,G101251,ค่าก่อสร้างป้อมยาม-ส่วนงานโครงสร้าง,"176,000.00","160,000.00","16,000.00","50,450.00",0.00,"109,550.00",450.00,"50,000.00","50,450.00","109,550.00",0.00,"160,000.00","109,550.00",0.00,450.00,"50,000.00",G101250
G101300,,ที่พักคนงานในหน่วยงาน,"1,760,000.00","1,600,000.00","160,000.00","565,993.49","133,750.00","900,256.51","566,013.48",0.00,"566,013.48","1,033,986.52",-19.99,"1,600,000.00","1,034,006.51",0.00,"510,087.34","55,906.15",G101000
,G101301,ที่พักคนงานในหน่วยงาน,"1,760,000.00","1,600,000.00","160,000.00","565,993.49","133,750.00","900,256.51","566,013.48",0.00,"566,013.48","1,033,986.52",-19.99,"1,600,000.00","1,034,006.51",0.00,"510,087.34","55,906.15",G101300
G102000,,งานเตรียมการก่อสร้าง,"28,906,000.00","28,660,000.00","246,000.00","30,888,248.07","32,100.00","-2,260,348.07","30,810,368.07","3,300.00","30,813,668.07","-2,153,668.07","74,580.00","27,846,000.00","-3,042,248.07","814,000.00","30,791,418.24","96,829.83",G100000
G102250,,งานไฟฟ้าชั่วคราว (สนาม),0.00,"200,000.00","-200,000.00","149,331.00","32,100.00","18,569.00","137,751.00",300.00,"138,051.00","61,949.00","11,280.00","200,000.00","50,669.00",0.00,"136,803.01","12,527.99",G102000
,G102254,ค่าไฟฟ้าชั่วคราว (สนาม),0.00,"200,000.00","-200,000.00","149,331.00","32,100.00","18,569.00","137,751.00",300.00,"138,051.00","61,949.00","11,280.00","200,000.00","50,669.00",0.00,"136,803.01","12,527.99",G102250
G102300,,งานประปาชั่วคราว (สนาม),"2,640,000.00","2,400,000.00","240,000.00","5,320.00",0.00,"2,394,680.00","3,320.00",0.00,"3,320.00","2,396,680.00","2,000.00","6,000.00",680.00,"2,394,000.00","3,491.27","1,828.73",G102000
,G102304,ค่าประปา,"2,640,000.00","2,400,000.00","240,000.00","5,320.00",0.00,"2,394,680.00","3,320.00",0.00,"3,320.00","2,396,680.00","2,000.00","6,000.00",680.00,"2,394,000.00","3,491.27","1,828.73",G102300
G102450,,ค่ายามรักษาความปลอดภัย สนง.สนาม,"660,000.00","600,000.00","60,000.00","35,590.00",0.00,"564,410.00","24,590.00",0.00,"24,590.00","575,410.00","11,000.00","600,000.00","564,410.00",0.00,"25,190.29","10,399.71",G102000
,G102451,ค่ายามรักษาความปลอดภัย สนง.สนาม,"660,000.00","600,000.00","60,000.00","35,590.00",0.00,"564,410.00","24,590.00",0.00,"24,590.00","575,410.00","11,000.00","600,000.00","564,410.00",0.00,"25,190.29","10,399.71",G102450
G102550,,ค่าทำความสะอาด,"1,562,000.00","1,420,000.00","142,000.00","138,350.00",0.00,"1,281,650.00","86,550.00","3,000.00","89,550.00","1,330,450.00","48,800.00","3,000,000.00","2,861,650.00","-1,580,000.00","82,795.42","55,554.58",G102000
,G102551,ค่าทำความสะอาด,"1,320,000.00","1,200,000.00","120,000.00","111,650.00",0.00,"1,088,350.00","60,350.00","3,000.00","63,350.00","1,136,650.00","48,300.00","800,000.00","688,350.00","400,000.00","58,214.90","53,435.10",G102550
,G102553,ค่าขนขยะ/ขนส่ง/ขนย้าย,"242,000.00","220,000.00","22,000.00","26,700.00",0.00,"193,300.00","26,200.00",0.00,"26,200.00","193,800.00",500.00,"2,200,000.00","2,173,300.00","-1,980,000.00","24,580.52","2,119.48",G102550
G102600,,ค่าเครื่องมือเครื่องจักร,"24,000,000.00","24,000,000.00",0.00,"30,558,657.07",0.00,"-6,558,657.07","30,558,157.07",0.00,"30,558,157.07","-6,558,157.07",500.00,"24,000,000.00","-6,558,657.07",0.00,"30,543,138.25","15,518.82",G102000
,G102601,ค่าเช่าเครื่องจักร,"24,000,000.00","24,000,000.00",0.00,"19,755,002.69",0.00,"4,244,997.31","19,755,002.69",0.00,"19,755,002.69","4,244,997.31",0.00,"24,000,000.00","4,244,997.31",0.00,"19,755,002.69",0.00,G102600
,G102602,ค่าเช่าเครื่องมือเล็ก/เครื่องใช้สิ้นเปลือง,0.00,0.00,0.00,"10,801,154.38",0.00,"-10,801,154.38","10,801,154.38",0.00,"10,801,154.38","-10,801,154.38",0.00,0.00,"-10,801,154.38",0.00,"10,786,154.38","15,000.00",G102600
,G102603,ค่าวัสดุสิ้นเปลือง-บำรุงรักษา,0.00,0.00,0.00,"2,000.00",0.00,"-2,000.00","2,000.00",0.00,"2,000.00","-2,000.00",0.00,0.00,"-2,000.00",0.00,"1,981.18",18.82,G102600
,G102604,น้ำมันเครื่องจักร,0.00,0.00,0.00,500.00,0.00,-500.00,0.00,0.00,0.00,0.00,500.00,0.00,-500.00,0.00,0.00,500.00,G102600
G200000,,งานเตรียมงานอำนวยการ,"11,345,600.00","9,396,000.00","1,949,600.00","13,253,898.85","125,000.00","-3,982,898.85","12,870,627.85","342,061.00","13,212,688.85","-3,816,688.85","41,210.00","9,396,000.00","-3,857,898.85",0.00,"12,855,652.23","398,246.62",G000000
G201000,,ค่าใช้จ่ายโครงการ,"8,096,000.00","7,360,000.00","736,000.00","5,542,280.00",0.00,"1,817,720.00","5,231,280.00","300,000.00","5,531,280.00","1,828,720.00","11,000.00","7,360,000.00","1,817,720.00",0.00,"5,230,706.10","311,573.90",G200000
G201150,,เงินเดือนพนักงาน ค่าล่วงเวลา,"7,920,000.00","7,200,000.00","720,000.00","5,222,900.00",0.00,"1,977,100.00","5,222,900.00",0.00,"5,222,900.00","1,977,100.00",0.00,"7,200,000.00","1,977,100.00",0.00,"5,221,900.00","1,000.00",G201000
,G201151,เงินเดือนพนักงาน,"7,920,000.00","7,200,000.00","720,000.00","5,222,900.00",0.00,"1,977,100.00","5,222,900.00",0.00,"5,222,900.00","1,977,100.00",0.00,"7,200,000.00","1,977,100.00",0.00,"5,221,900.00","1,000.00",G201150
G201400,,"วัสดุสำนักงาน ,เครื่องเขียน",0.00,0.00,0.00,30.00,0.00,-30.00,30.00,0.00,30.00,-30.00,0.00,0.00,-30.00,0.00,30.63,-0.63,G201000
,G201401,อุปกรณ์สำนักงาน เครื่องเขียน,0.00,0.00,0.00,30.00,0.00,-30.00,30.00,0.00,30.00,-30.00,0.00,0.00,-30.00,0.00,30.63,-0.63,G201400
G201500,,ทำแบบ Asbuilt Drawing,"176,000.00","160,000.00","16,000.00","304,200.00",0.00,"-144,200.00","3,200.00","300,000.00","303,200.00","-143,200.00","1,000.00","160,000.00","-144,200.00",0.00,"3,520.46","300,679.54",G201000
,G201501,ทำแบบ Asbuilt Drawing,"176,000.00","160,000.00","16,000.00","304,200.00",0.00,"-144,200.00","3,200.00","300,000.00","303,200.00","-143,200.00","1,000.00","160,000.00","-144,200.00",0.00,"3,520.46","300,679.54",G201500
G201550,,วัสดุสิ้นเปลืองสำนักงาน (น้ำดื่ม กาแฟ และอื่นๆ),0.00,0.00,0.00,650.00,0.00,-650.00,650.00,0.00,650.00,-650.00,0.00,0.00,-650.00,0.00,650.00,0.00,G201000
,G201551,วัสดุสิ้นเปลืองสำนักงาน (บริโภค เครื่องดื่ม),0.00,0.00,0.00,650.00,0.00,-650.00,650.00,0.00,650.00,-650.00,0.00,0.00,-650.00,0.00,650.00,0.00,G201550
G201600,,ค่าสาธารณูปโภค,0.00,0.00,0.00,"14,500.00",0.00,"-14,500.00","4,500.00",0.00,"4,500.00","-4,500.00","10,000.00",0.00,"-14,500.00",0.00,"4,605.00","9,895.00",G201000
,G201602,ค่าไฟฟ้า,0.00,0.00,0.00,"4,500.00",0.00,"-4,500.00","4,500.00",0.00,"4,500.00","-4,500.00",0.00,0.00,"-4,500.00",0.00,"4,605.00",-105.00,G201600
,G201604,ค่าเช่าสถานที่,0.00,0.00,0.00,"10,000.00",0.00,"-10,000.00",0.00,0.00,0.00,0.00,"10,000.00",0.00,"-10,000.00",0.00,0.00,"10,000.00",G201600
G202000,,ค่าใช้จ่ายเกี่ยวกับการสื่อสาร,"259,600.00","236,000.00","23,600.00","7,580.00",0.00,"228,420.00","11,580.00",0.00,"11,580.00","224,420.00","-4,000.00","236,000.00","228,420.00",0.00,"10,844.79","-3,264.79",G200000
G202100,,ค่าโทรศัพท์และมือถือ,"39,600.00","36,000.00","3,600.00","3,300.00",0.00,"32,700.00","7,300.00",0.00,"7,300.00","28,700.00","-4,000.00","36,000.00","32,700.00",0.00,"7,477.00","-4,177.00",G202000
,G202101,ค่าโทรศัพท์และมือถือ,"39,600.00","36,000.00","3,600.00","3,300.00",0.00,"32,700.00","7,300.00",0.00,"7,300.00","28,700.00","-4,000.00","36,000.00","32,700.00",0.00,"7,477.00","-4,177.00",G202100
G202200,,ค่าเดินทางพนักงาน,0.00,0.00,0.00,"4,280.00",0.00,"-4,280.00","4,280.00",0.00,"4,280.00","-4,280.00",0.00,0.00,"-4,280.00",0.00,"3,367.79",912.21,G202000
,G202201,ค่าเดินทางและที่พัก,0.00,0.00,0.00,"3,280.00",0.00,"-3,280.00","3,280.00",0.00,"3,280.00","-3,280.00",0.00,0.00,"-3,280.00",0.00,"3,367.79",-87.79,G202200
,G202203,ค่าน้ำมัน,0.00,0.00,0.00,"1,000.00",0.00,"-1,000.00","1,000.00",0.00,"1,000.00","-1,000.00",0.00,0.00,"-1,000.00",0.00,0.00,"1,000.00",G202200
G202250,,ค่าภาษีและอากรแสตมป์ทั่วไป,"220,000.00","200,000.00","20,000.00",0.00,0.00,"200,000.00",0.00,0.00,0.00,"200,000.00",0.00,"200,000.00","200,000.00",0.00,0.00,0.00,G202000
,G202251,ค่าภาษีและอากรแสตมป์ทั่วไป,"220,000.00","200,000.00","20,000.00",0.00,0.00,"200,000.00",0.00,0.00,0.00,"200,000.00",0.00,"200,000.00","200,000.00",0.00,0.00,0.00,G202250
G203000,,ที่ปรึกษา,"264,000.00","240,000.00","24,000.00","90,000.00",0.00,"150,000.00","73,899.00","2,001.00","75,900.00","164,100.00","14,100.00","240,000.00","150,000.00",0.00,"70,098.66","19,901.34",G200000
G203100,,ค่าเดินทาง ค่าล่วงเวลาที่ปรึกษา,"264,000.00","240,000.00","24,000.00","90,000.00",0.00,"150,000.00","73,899.00","2,001.00","75,900.00","164,100.00","14,100.00","240,000.00","150,000.00",0.00,"70,098.66","19,901.34",G203000
,G203101,ค่าที่ปรึกษา,0.00,0.00,0.00,"20,000.00",0.00,"-20,000.00","3,899.00","2,001.00","5,900.00","-5,900.00","14,100.00",0.00,"-20,000.00",0.00,"2,547.75","17,452.25",G203100
,G203102,ค่าล่วงเวลาที่ปรึกษา,"264,000.00","240,000.00","24,000.00","70,000.00",0.00,"170,000.00","70,000.00",0.00,"70,000.00","170,000.00",0.00,"240,000.00","170,000.00",0.00,"67,550.91","2,449.09",G203100
G204000,,ค่าใช้จ่ายอื่นๆ,"2,286,000.00","1,060,000.00","1,226,000.00","295,536.00","125,000.00","639,464.00","238,396.00","37,060.00","275,456.00","784,544.00","20,080.00","1,060,000.00","764,464.00",0.00,"230,781.10","64,754.90",G200000
G204150,,ค่ารับรองลูกค้า,"2,000,000.00","200,000.00","1,800,000.00","49,000.00",0.00,"151,000.00","23,000.00","25,000.00","48,000.00","152,000.00","1,000.00","200,000.00","151,000.00",0.00,"21,412.57","27,587.43",G204000
,G204151,ค่ารับรองลูกค้า,"2,000,000.00","200,000.00","1,800,000.00","49,000.00",0.00,"151,000.00","23,000.00","25,000.00","48,000.00","152,000.00","1,000.00","200,000.00","151,000.00",0.00,"21,412.57","27,587.43",G204150
G204250,,ค่าใช้จ่ายพิเศษ,"66,000.00","60,000.00","6,000.00","5,000.00",0.00,"55,000.00","5,000.00",0.00,"5,000.00","55,000.00",0.00,"60,000.00","55,000.00",0.00,"4,952.94",47.06,G204000
,G204252,ค่าใช้จ่ายเกี่ยวกับตำรวจ,"66,000.00","60,000.00","6,000.00","5,000.00",0.00,"55,000.00","5,000.00",0.00,"5,000.00","55,000.00",0.00,"60,000.00","55,000.00",0.00,"4,952.94",47.06,G204250
G204300,,ค่าใช้จ่ายในสำนักงานอื่นๆ,"220,000.00","800,000.00","-580,000.00","241,136.00","125,000.00","433,864.00","210,396.00","11,660.00","222,056.00","577,944.00","19,080.00","800,000.00","558,864.00",0.00,"204,415.59","36,720.41",G204000
,G204303,ค่าบริการอินเตอร์เนต,0.00,0.00,0.00,"37,000.00",0.00,"-37,000.00","27,000.00",0.00,"27,000.00","-27,000.00","10,000.00",0.00,"-37,000.00",0.00,"28,390.00","8,610.00",G204300
,G204305,ค่าใช้จ่ายเบ็ดเตล็ด,0.00,"600,000.00","-600,000.00","164,136.00","125,000.00","310,864.00","143,396.00","11,660.00","155,056.00","444,944.00","9,080.00","600,000.00","435,864.00",0.00,"133,895.59","30,240.41",G204300
,G204307,ค่าประกันภัยรถยนต์,"220,000.00","200,000.00","20,000.00","40,000.00",0.00,"160,000.00","40,000.00",0.00,"40,000.00","160,000.00",0.00,"200,000.00","160,000.00",0.00,"42,130.00","-2,130.00",G204300
G204450,,ค่าดำเนินการ,0.00,0.00,0.00,400.00,0.00,-400.00,0.00,400.00,400.00,-400.00,0.00,0.00,-400.00,0.00,0.00,400.00,G204000
,G204451,ค่าดำเนินการ,0.00,0.00,0.00,400.00,0.00,-400.00,0.00,400.00,400.00,-400.00,0.00,0.00,-400.00,0.00,0.00,400.00,G204450
G205000,,"ค่าธรรมเนียมธนาคาร, ค่าประกันและอากร","440,000.00","400,000.00","40,000.00","130,120.00",0.00,"269,880.00","130,090.00",0.00,"130,090.00","269,910.00",30.00,"400,000.00","269,880.00",0.00,"127,690.00","2,430.00",G200000
G205100,,ค่าประกันภัยงานก่อสร้าง,"440,000.00","400,000.00","40,000.00","130,120.00",0.00,"269,880.00","130,090.00",0.00,"130,090.00","269,910.00",30.00,"400,000.00","269,880.00",0.00,"127,690.00","2,430.00",G205000
,G205102,ค่าธรรมเนียมหนังสือค้ำประกันสัญญา,"220,000.00","200,000.00","20,000.00","80,020.00",0.00,"119,980.00","80,020.00",0.00,"80,020.00","119,980.00",0.00,"200,000.00","119,980.00",0.00,"77,620.00","2,400.00",G205100
,G205104,ค่าธรรมเนียมหนังสือค้ำประกันประกันผลงาน,"220,000.00","200,000.00","20,000.00","50,000.00",0.00,"150,000.00","50,000.00",0.00,"50,000.00","150,000.00",0.00,"200,000.00","150,000.00",0.00,"50,000.00",0.00,G205100
,G205106,ค่าธรรมเนียมธนาคารอื่นๆ,0.00,0.00,0.00,100.00,0.00,-100.00,70.00,0.00,70.00,-70.00,30.00,0.00,-100.00,0.00,70.00,30.00,G205100
G206000,,ค่าซ่อมวัสดุก่อสร้างคลังกลาง,0.00,0.00,0.00,"13,000.00",0.00,"-13,000.00","10,000.00","3,000.00","13,000.00","-13,000.00",0.00,0.00,"-13,000.00",0.00,"9,905.88","3,094.12",G200000
,G206102,ค่าซ่อมยานพาหนะ,0.00,0.00,0.00,"13,000.00",0.00,"-13,000.00","10,000.00","3,000.00","13,000.00","-13,000.00",0.00,0.00,"-13,000.00",0.00,"9,905.88","3,094.12",G206000
G290000,,ค่าเสื่อมราคา,0.00,0.00,0.00,"7,167,882.85",0.00,"-7,167,882.85","7,167,882.85",0.00,"7,167,882.85","-7,167,882.85",0.00,0.00,"-7,167,882.85",0.00,"7,167,882.85",0.00,G200000
G290100,,ค่าเสื่อมราคา,0.00,0.00,0.00,"7,167,882.85",0.00,"-7,167,882.85","7,167,882.85",0.00,"7,167,882.85","-7,167,882.85",0.00,0.00,"-7,167,882.85",0.00,"7,167,882.85",0.00,G290000
,G290103,ค่าเสื่อมราคาเครื่องจักรและเครื่องยนต์,0.00,0.00,0.00,"7,167,882.85",0.00,"-7,167,882.85","7,167,882.85",0.00,"7,167,882.85","-7,167,882.85",0.00,0.00,"-7,167,882.85",0.00,"7,167,882.85",0.00,G290100
G300000,,ค่าใช้จ่ายช่วงประกันผลงาน,0.00,"100,000.00","-100,000.00","7,500.00",0.00,"92,500.00","7,500.00",0.00,"7,500.00","92,500.00",0.00,"100,000.00","92,500.00",0.00,"7,742.86",-242.86,G200000
,G300100,ค่าใช้จ่ายช่วงประกันผลงาน,0.00,"100,000.00","-100,000.00","7,500.00",0.00,"92,500.00","7,500.00",0.00,"7,500.00","92,500.00",0.00,"100,000.00","92,500.00",0.00,"7,742.86",-242.86,G300000
,,,,,,,,,,,,,,,,,,,
,,Total,"258,221,966.00","230,580,980.00","27,640,986.00","204,388,711.13","4,788,365.50","21,403,903.37","147,937,108.39","4,472,284.56","152,409,392.95","78,171,587.05","51,979,318.18","174,925,350.00","-29,463,361.13","55,655,630.00","148,236,257.50","56,152,453.63",